eventi,total_muaj,muaj_train,muaj_test,MAE_ARIMA,RMSE_ARIMA,MAE_LR,RMSE_LR,Fituesi
2008_Kosovo_declaration_of_independence,126,100,26,1734,1926,1506,1707,Linear Regression
Arthur_Rimbaud,126,100,26,2071,2476,2237,2623,ARIMA
Berlin_Wall,126,100,26,24027,28772,24969,28527,ARIMA
Franz_Kafka,126,100,26,36432,58103,40630,68914,ARIMA
Guernica_(Picasso),126,100,26,19320,42892,19803,43166,ARIMA
Jane_Austen,126,100,26,78902,129022,76649,124829,Linear Regression
Kosovo_War,126,100,26,18064,19720,23029,25131,ARIMA
Leonardo_da_Vinci,126,100,26,64236,73043,52146,59735,Linear Regression
Mark_Twain,126,100,26,28486,46135,34159,52197,ARIMA
Mona_Lisa,126,100,26,68539,83324,53913,70370,Linear Regression
Pride_and_Prejudice,126,100,26,28048,32335,23289,31258,Linear Regression
September_11_attacks,126,100,26,177129,353346,204707,350495,ARIMA
The_Holocaust,126,100,26,201183,335495,206358,340253,ARIMA
The_Metamorphosis,126,100,26,15359,18681,15545,20165,ARIMA
The_Persistence_of_Memory,126,100,26,10201,12974,7392,12941,Linear Regression
The_Starry_Night,126,100,26,21905,27079,21533,27475,Linear Regression
Vincent_van_Gogh,126,100,26,82440,89708,99099,107757,ARIMA
World_War_II,126,100,26,2340514,2586404,2340044,2576238,Linear Regression
