eventi,Total_2025,Parashikimi_2026,Ndryshimi_%
World_War_II,41126935,27466619,-33.2
September_11_attacks,7491415,7102092,-5.2
The_Holocaust,6353084,6331687,-0.3
Leonardo_da_Vinci,2868456,3470825,21.0
Jane_Austen,3509718,3156868,-10.1
Mona_Lisa,3001540,2821056,-6.0
Vincent_van_Gogh,2548116,2514755,-1.3
Franz_Kafka,2045946,2175983,6.4
Mark_Twain,2346474,2048035,-12.7
Pride_and_Prejudice,1758656,1839241,4.6
The_Starry_Night,1503686,1446242,-3.8
Berlin_Wall,1197971,1287753,7.5
Guernica_(Picasso),1200109,1130183,-5.8
The_Metamorphosis,994478,1033881,4.0
Kosovo_War,934114,923390,-1.1
The_Persistence_of_Memory,566862,543577,-4.1
Arthur_Rimbaud,376990,366402,-2.8
2008_Kosovo_declaration_of_independence,104948,104076,-0.8
