Time,Kosovo War,World War II,September 11 attacks,The Holocaust,Berlin Wall,2008 Kosovo declaration of independence
12/1/2014,0,44,10,8,6,0
1/1/2015,0,54,12,17,5,0
2/1/2015,0,53,11,12,4,0
3/1/2015,0,58,11,11,5,0
4/1/2015,0,62,11,17,5,0
5/1/2015,0,70,12,12,6,0
6/1/2015,0,47,10,8,5,0
7/1/2015,0,36,12,6,3,0
8/1/2015,0,44,14,6,4,0
9/1/2015,0,47,76,8,4,0
10/1/2015,0,43,13,9,4,0
11/1/2015,0,48,24,9,5,0
12/1/2015,0,44,12,8,4,0
1/1/2016,0,46,10,12,4,0
2/1/2016,0,50,11,10,4,0
3/1/2016,0,52,11,10,5,0
4/1/2016,0,55,13,12,5,0
5/1/2016,0,61,13,15,6,0
6/1/2016,0,45,11,8,4,0
7/1/2016,0,33,11,6,3,0
8/1/2016,0,34,11,6,3,0
9/1/2016,0,41,83,7,3,0
10/1/2016,0,43,12,7,4,0
11/1/2016,0,51,12,10,6,0
12/1/2016,0,50,9,9,3,0
1/1/2017,0,48,9,18,4,0
2/1/2017,0,56,8,14,4,0
3/1/2017,0,62,8,13,4,0
4/1/2017,0,74,7,17,5,0
5/1/2017,0,74,8,13,8,0
6/1/2017,0,50,7,8,5,0
7/1/2017,0,44,6,7,4,0
8/1/2017,0,48,8,9,4,0
9/1/2017,0,46,38,8,4,0
10/1/2017,0,46,8,9,4,0
11/1/2017,0,70,7,10,5,0
12/1/2017,0,51,6,9,4,0
1/1/2018,0,52,6,15,4,0
2/1/2018,0,55,5,13,5,0
3/1/2018,0,60,4,12,5,0
4/1/2018,0,64,4,16,5,0
5/1/2018,0,65,5,11,6,0
6/1/2018,0,46,4,8,4,0
7/1/2018,0,34,5,6,3,0
8/1/2018,0,41,6,7,3,0
9/1/2018,0,43,43,7,3,0
10/1/2018,0,44,6,10,4,0
11/1/2018,0,57,7,10,5,0
12/1/2018,0,46,5,8,4,0
1/1/2019,0,47,6,17,4,0
2/1/2019,0,56,5,12,5,0
3/1/2019,0,58,6,11,5,0
4/1/2019,0,58,6,12,5,0
5/1/2019,0,62,6,15,6,0
6/1/2019,0,52,6,8,4,0
7/1/2019,0,37,5,7,3,0
8/1/2019,0,41,6,6,4,0
9/1/2019,0,44,38,7,4,0
10/1/2019,0,45,6,8,5,0
11/1/2019,0,55,6,9,100,0
12/1/2019,0,45,5,8,5,0
1/1/2020,0,58,6,19,4,0
2/1/2020,0,55,5,12,4,0
3/1/2020,0,61,7,10,5,0
4/1/2020,0,74,7,13,5,0
5/1/2020,0,79,6,9,6,0
6/1/2020,0,55,5,7,4,0
7/1/2020,0,44,5,6,3,0
8/1/2020,0,47,5,6,3,0
9/1/2020,0,47,31,7,3,0
10/1/2020,0,47,5,7,4,0
11/1/2020,0,49,5,7,4,0
12/1/2020,0,48,4,6,3,0
1/1/2021,0,50,5,14,3,0
2/1/2021,0,49,4,9,3,0
3/1/2021,0,53,4,8,4,0
4/1/2021,0,52,4,11,4,0
5/1/2021,0,56,5,9,5,0
6/1/2021,0,45,4,6,4,0
7/1/2021,0,36,4,6,3,0
8/1/2021,0,39,10,5,3,0
9/1/2021,0,42,48,6,4,0
10/1/2021,0,42,5,6,3,0
11/1/2021,0,47,4,6,4,0
12/1/2021,0,43,4,6,3,0
1/1/2022,0,52,4,14,3,0
2/1/2022,1,80,5,13,5,0
3/1/2022,1,75,5,11,6,0
4/1/2022,0,66,5,14,5,0
5/1/2022,0,67,5,11,6,0
6/1/2022,0,49,4,7,4,0
7/1/2022,1,37,5,5,3,0
8/1/2022,1,38,6,6,3,0
9/1/2022,0,45,19,8,4,0
10/1/2022,0,46,5,7,4,0
11/1/2022,0,51,5,8,5,0
12/1/2022,1,44,4,7,3,0
1/1/2023,0,50,5,16,3,0
2/1/2023,0,53,5,9,4,0
3/1/2023,0,56,5,9,4,0
4/1/2023,0,56,4,13,4,0
5/1/2023,0,62,4,10,5,0
6/1/2023,0,49,4,7,4,0
7/1/2023,0,42,4,6,3,0
8/1/2023,0,41,4,6,3,0
9/1/2023,0,43,20,7,3,0
10/1/2023,0,47,6,12,3,0
11/1/2023,0,50,4,11,3,0
12/1/2023,0,47,4,8,3,0
1/1/2024,0,49,3,14,3,0
2/1/2024,0,56,4,11,3,0
3/1/2024,0,58,4,10,4,0
4/1/2024,0,59,4,11,5,0
5/1/2024,0,60,4,14,5,0
6/1/2024,0,48,4,7,3,0
7/1/2024,0,37,3,5,3,0
8/1/2024,0,40,4,5,3,0
9/1/2024,0,38,14,6,3,0
10/1/2024,0,43,4,7,3,0
11/1/2024,0,47,4,8,4,0
12/1/2024,0,48,4,7,3,0
1/1/2025,0,53,4,16,3,0
2/1/2025,0,53,4,12,3,0
3/1/2025,0,56,4,10,3,0
4/1/2025,0,55,4,13,4,0
5/1/2025,0,64,5,10,4,0
6/1/2025,0,52,5,8,3,0
7/1/2025,0,39,4,6,2,0
8/1/2025,0,45,4,7,3,0
9/1/2025,0,46,16,9,3,0
10/1/2025,0,49,4,9,3,0
11/1/2025,0,52,4,9,3,0
12/1/2025,0,50,4,9,3,0
