Time,Jane Austen,Pride and Prejudice,Franz Kafka,Mark Twain,Arthur Rimbaud,The Metamorphosis
12/1/2014,39,7,38,45,14,26
1/1/2015,44,7,36,52,15,24
2/1/2015,39,6,38,47,14,28
3/1/2015,42,6,41,46,17,30
4/1/2015,35,5,41,44,17,34
5/1/2015,35,5,40,48,19,34
6/1/2015,34,5,35,37,17,25
7/1/2015,34,5,32,33,10,18
8/1/2015,34,6,33,37,8,22
9/1/2015,35,6,42,43,14,30
10/1/2015,33,5,42,42,16,31
11/1/2015,36,5,42,42,15,32
12/1/2015,35,6,34,46,13,24
1/1/2016,39,7,35,45,15,23
2/1/2016,37,6,37,44,15,29
3/1/2016,39,6,36,41,16,28
4/1/2016,35,5,40,41,17,33
5/1/2016,40,5,42,41,17,33
6/1/2016,39,5,34,33,15,25
7/1/2016,33,5,26,30,7,17
8/1/2016,28,4,29,32,7,21
9/1/2016,32,5,38,38,12,27
10/1/2016,32,5,38,41,15,28
11/1/2016,38,11,53,44,14,27
12/1/2016,48,13,51,41,12,22
1/1/2017,49,9,49,41,13,22
2/1/2017,45,7,53,47,14,25
3/1/2017,42,6,55,41,15,27
4/1/2017,40,6,55,41,15,26
5/1/2017,38,4,50,42,14,29
6/1/2017,34,4,47,35,13,23
7/1/2017,52,5,40,33,7,15
8/1/2017,34,5,37,35,7,18
9/1/2017,40,4,45,38,10,24
10/1/2017,34,4,51,42,13,29
11/1/2017,31,4,49,40,13,26
12/1/2017,33,5,45,37,10,21
1/1/2018,35,6,45,39,12,20
2/1/2018,32,5,47,41,11,23
3/1/2018,32,6,51,41,14,25
4/1/2018,31,5,49,39,13,19
5/1/2018,30,4,47,39,13,18
6/1/2018,28,5,43,31,13,13
7/1/2018,30,5,40,30,7,14
8/1/2018,29,6,44,34,7,18
9/1/2018,28,5,50,42,11,32
10/1/2018,25,5,48,50,12,28
11/1/2018,27,5,48,38,12,27
12/1/2018,29,6,43,35,10,21
1/1/2019,33,6,39,38,11,20
2/1/2019,32,6,44,36,11,23
3/1/2019,30,5,46,35,12,24
4/1/2019,30,6,45,33,12,24
5/1/2019,27,5,50,33,13,30
6/1/2019,26,5,42,29,12,18
7/1/2019,26,6,41,28,7,14
8/1/2019,31,6,36,29,7,18
9/1/2019,29,6,42,34,10,22
10/1/2019,29,6,44,33,10,25
11/1/2019,28,5,42,32,11,24
12/1/2019,33,6,41,29,9,19
1/1/2020,37,6,45,41,10,20
2/1/2020,40,6,44,34,9,22
3/1/2020,40,7,45,30,11,23
4/1/2020,42,10,48,46,12,25
5/1/2020,38,10,47,46,11,26
6/1/2020,35,8,42,32,8,19
7/1/2020,34,7,38,29,8,13
8/1/2020,29,7,36,29,7,14
9/1/2020,34,9,39,30,12,19
10/1/2020,29,6,39,29,12,20
11/1/2020,32,6,37,27,11,19
12/1/2020,36,7,36,29,9,17
1/1/2021,40,11,36,31,11,18
2/1/2021,34,7,36,31,14,18
3/1/2021,31,6,37,27,11,19
4/1/2021,32,6,40,28,10,21
5/1/2021,30,6,38,27,11,20
6/1/2021,29,6,37,24,8,18
7/1/2021,28,6,33,23,6,14
8/1/2021,27,5,34,26,6,15
9/1/2021,25,5,34,25,9,19
10/1/2021,27,6,37,24,10,21
11/1/2021,28,5,37,25,10,20
12/1/2021,30,5,35,25,9,15
1/1/2022,37,8,39,32,10,16
2/1/2022,33,10,42,31,10,21
3/1/2022,32,7,44,30,10,25
4/1/2022,37,8,40,32,10,25
5/1/2022,32,6,40,29,10,26
6/1/2022,36,6,37,30,9,22
7/1/2022,63,6,34,26,6,16
8/1/2022,40,6,38,27,6,20
9/1/2022,33,5,45,27,10,25
10/1/2022,31,4,44,26,10,29
11/1/2022,29,5,47,26,10,29
12/1/2022,32,5,45,25,8,23
1/1/2023,33,9,45,27,9,25
2/1/2023,31,6,48,28,9,26
3/1/2023,32,5,49,38,9,30
4/1/2023,31,5,51,34,9,29
5/1/2023,27,4,60,29,9,30
6/1/2023,27,4,61,23,10,25
7/1/2023,34,10,58,22,6,20
8/1/2023,33,9,74,23,7,23
9/1/2023,31,7,58,26,13,31
10/1/2023,29,5,58,27,14,33
11/1/2023,30,5,60,31,13,31
12/1/2023,33,6,68,24,11,29
1/1/2024,34,7,75,26,12,28
2/1/2024,39,6,74,28,12,31
3/1/2024,32,6,100,28,14,31
4/1/2024,32,6,84,31,15,35
5/1/2024,31,6,78,44,16,34
6/1/2024,29,5,95,24,21,29
7/1/2024,28,5,70,23,7,24
8/1/2024,29,5,64,24,6,28
9/1/2024,29,5,73,26,15,32
10/1/2024,26,5,71,25,14,33
11/1/2024,30,5,67,26,13,32
12/1/2024,32,6,63,25,11,28
1/1/2025,39,6,65,26,11,28
2/1/2025,57,6,58,28,12,28
3/1/2025,37,7,57,29,11,30
4/1/2025,38,8,56,28,11,29
5/1/2025,54,7,59,34,12,32
6/1/2025,50,6,53,25,16,28
7/1/2025,39,6,55,24,5,23
8/1/2025,46,8,62,26,6,28
9/1/2025,61,6,64,28,16,31
10/1/2025,39,6,74,28,15,36
11/1/2025,41,5,71,25,13,33
12/1/2025,59,8,66,23,9,32
