Time,Mona Lisa,The Starry Night,Vincent van Gogh,Leonardo da Vinci,Guernica,The Persistence of Memory
12/1/2014,32,11,40,59,7,2
1/1/2015,37,11,50,65,9,2
2/1/2015,32,11,51,65,9,2
3/1/2015,30,12,52,70,12,2
4/1/2015,31,11,52,68,12,2
5/1/2015,29,11,50,68,15,3
6/1/2015,24,9,43,57,10,2
7/1/2015,22,8,34,47,5,1
8/1/2015,26,9,38,53,6,1
9/1/2015,28,13,46,62,7,2
10/1/2015,27,10,46,63,8,2
11/1/2015,26,12,45,65,8,2
12/1/2015,31,13,42,59,8,2
1/1/2016,26,11,43,56,7,1
2/1/2016,26,11,48,61,8,2
3/1/2016,26,11,52,61,9,2
4/1/2016,27,10,49,64,11,2
5/1/2016,26,10,46,60,13,2
6/1/2016,23,10,41,51,8,2
7/1/2016,20,8,34,43,5,1
8/1/2016,21,9,34,43,5,1
9/1/2016,25,10,38,56,7,1
10/1/2016,30,11,50,64,7,1
11/1/2016,30,16,63,75,7,2
12/1/2016,28,16,54,67,6,2
1/1/2017,29,14,57,66,7,2
2/1/2017,27,15,60,72,9,2
3/1/2017,26,15,59,67,9,2
4/1/2017,25,14,57,68,13,2
5/1/2017,26,14,60,68,11,2
6/1/2017,24,15,56,57,8,2
7/1/2017,22,10,44,43,5,1
8/1/2017,22,11,42,43,6,1
9/1/2017,23,12,45,49,6,2
10/1/2017,26,13,63,63,8,2
11/1/2017,26,15,69,77,8,2
12/1/2017,25,15,56,53,6,2
1/1/2018,25,14,66,54,7,2
2/1/2018,26,14,58,59,8,2
3/1/2018,27,14,62,61,9,2
4/1/2018,28,13,53,59,11,2
5/1/2018,27,13,50,58,12,2
6/1/2018,25,12,45,46,8,2
7/1/2018,23,10,42,41,5,1
8/1/2018,22,12,55,44,6,1
9/1/2018,29,12,51,62,7,2
10/1/2018,34,13,54,50,9,2
11/1/2018,28,14,56,51,9,2
12/1/2018,26,14,51,47,6,2
1/1/2019,28,14,60,52,7,2
2/1/2019,27,14,69,57,8,2
3/1/2019,29,15,70,59,8,2
4/1/2019,27,14,65,67,11,2
5/1/2019,28,14,64,80,10,2
6/1/2019,24,13,56,54,8,2
7/1/2019,22,11,46,44,6,1
8/1/2019,24,12,49,50,6,4
9/1/2019,25,14,54,57,7,1
10/1/2019,24,14,59,70,7,2
11/1/2019,26,18,65,65,7,2
12/1/2019,22,14,55,54,6,1
1/1/2020,23,14,59,56,8,2
2/1/2020,25,14,67,57,8,2
3/1/2020,23,15,72,51,8,2
4/1/2020,30,20,68,76,10,2
5/1/2020,30,18,62,58,10,2
6/1/2020,24,16,54,45,7,2
7/1/2020,22,13,51,39,5,1
8/1/2020,22,13,51,44,5,1
9/1/2020,25,16,55,50,7,2
10/1/2020,27,17,60,46,10,2
11/1/2020,24,16,59,43,6,2
12/1/2020,23,15,51,40,5,1
1/1/2021,25,14,49,43,6,1
2/1/2021,26,15,59,44,7,2
3/1/2021,27,14,68,59,7,2
4/1/2021,25,14,71,70,8,2
5/1/2021,25,14,68,50,9,2
6/1/2021,22,12,64,45,7,2
7/1/2021,21,12,66,38,4,1
8/1/2021,22,11,69,36,5,1
9/1/2021,24,13,71,42,5,1
10/1/2021,24,14,75,41,6,2
11/1/2021,23,16,81,42,6,1
12/1/2021,25,14,72,39,5,1
1/1/2022,36,15,81,45,6,2
2/1/2022,30,16,78,56,8,2
3/1/2022,29,16,82,50,13,2
4/1/2022,29,17,81,53,12,2
5/1/2022,53,20,80,52,11,3
6/1/2022,39,18,75,42,10,2
7/1/2022,23,13,67,36,6,1
8/1/2022,23,14,61,37,6,1
9/1/2022,26,17,67,44,8,2
10/1/2022,24,18,100,44,8,2
11/1/2022,23,18,69,41,7,2
12/1/2022,29,16,62,36,6,1
1/1/2023,35,17,71,40,7,2
2/1/2023,28,19,70,42,8,2
3/1/2023,26,19,77,52,9,2
4/1/2023,27,18,76,44,9,2
5/1/2023,25,19,73,44,9,2
6/1/2023,25,17,67,38,8,2
7/1/2023,22,15,65,31,7,2
8/1/2023,23,16,64,34,5,1
9/1/2023,26,18,73,39,6,2
10/1/2023,27,19,75,41,8,2
11/1/2023,24,19,68,41,7,2
12/1/2023,23,17,61,33,6,1
1/1/2024,34,15,67,36,6,1
2/1/2024,27,16,70,40,7,2
3/1/2024,26,16,67,40,9,2
4/1/2024,23,16,64,40,8,2
5/1/2024,28,16,61,39,9,2
6/1/2024,23,13,50,30,7,2
7/1/2024,21,11,51,33,5,1
8/1/2024,25,14,55,33,5,1
9/1/2024,26,17,61,38,7,2
10/1/2024,27,19,57,38,7,2
11/1/2024,26,18,59,41,6,2
12/1/2024,24,16,52,35,5,1
1/1/2025,30,16,55,35,6,3
2/1/2025,30,16,57,36,7,2
3/1/2025,30,15,57,35,7,2
4/1/2025,27,14,54,36,7,2
5/1/2025,25,14,50,36,7,2
6/1/2025,21,13,56,30,6,2
7/1/2025,20,12,49,26,5,2
8/1/2025,23,14,55,30,5,1
9/1/2025,24,16,58,34,6,2
10/1/2025,34,16,66,36,7,2
11/1/2025,24,16,59,32,7,2
12/1/2025,22,14,54,29,5,1
